{"0":{"0":0.5681773827332637,"1":-0.5083267262113326,"2":-0.46603112777541383,"3":0.4665579772464715,"4":0.3155947842926444,"5":-0.47927840045964276,"6":-0.5944504750813875,"7":0.4366773149864248},"1":{"0":-1.143936799475293,"1":1.4819290672376602,"2":-3.0823095791540003,"3":-0.1345952130028042,"4":0.2531276069663654,"5":-2.2799519533449244,"6":-0.6845469602767714,"7":0.15348101833716532},"2":{"0":0.5832725356973129,"1":1.1874842643896915,"2":0.9510054616891763,"3":-0.1822943724159008,"4":0.1621147055591235,"5":-1.0985686749183066,"6":0.06844055436007548,"7":0.16044623249832574},"3":{"0":-0.6121139659081624,"1":-1.6430227271303002,"2":0.6955292677799502,"3":-0.21485479301637017,"4":0.10697814799010258,"5":-1.887849712185171,"6":-1.3613643697528537,"7":0.26608435429333227},"4":{"0":0.8240119943067192,"1":-0.28264585344681836,"2":-0.8486708095161932,"3":0.6660168152384158,"4":0.4964430835464232,"5":-2.326654472615636,"6":1.6842641410882475,"7":0.40373311645965015},"5":{"0":0.5517437501584593,"1":-0.8081893777903315,"2":-1.4765651376635696,"3":-0.30088361134347485,"4":-0.14930983486365768,"5":-1.1759076822117192,"6":-1.1233543586306904,"7":0.5738110367471216},"6":{"0":-1.3580952820388383,"1":-0.5015117034685245,"2":0.05386973489433236,"3":0.29876419622368194,"4":-0.26354812571586056,"5":-0.7503326964663347,"6":0.7754661475920063,"7":-0.18709703661208416},"7":{"0":0.0810175174178333,"1":0.02841104353973817,"2":1.4552317415916363,"3":0.521886624132032,"4":-0.022764353806256854,"5":-2.9348580633831873,"6":-0.02213540223774364,"7":0.015608665713102599}}