{"0":{"0":0.30515529169238903,"1":0.7632989742764797,"2":0.5261024469666726,"3":0.8320113146035926,"4":0.8941743692016138,"5":0.2628365132556815},"1":{"0":0.0087751097381418,"1":-0.06744501250188303,"2":0.2026512208630579,"3":-0.049010913691249075,"4":0.16641259944749334,"5":0.6517192710300949},"2":{"0":0.5498670018983308,"1":0.2610033054377441,"2":0.5935661201175104,"3":0.2686572970422919,"4":-0.03215767956470453,"5":-0.1288951857594284},"3":{"0":-0.02824431050286287,"1":0.38897694890285545,"2":0.6072889271633406,"3":0.542637396731179,"4":0.014207027864602192,"5":0.46975569150030844},"4":{"0":0.2511695375000313,"1":0.289053722292452,"2":0.21550356441416157,"3":0.23172257412243463,"4":-0.0163187691526379,"5":0.4794819625989171},"5":{"0":0.25104457419447707,"1":-0.05856141376732665,"2":0.1279174165354558,"3":0.02259290652212148,"4":0.02488962782069498,"5":-0.19844282662186136}}