{"0":{"0":0.8194228162685754,"1":-1.2630095452383532,"2":-0.9322735026634424,"3":0.32693480235005673,"4":-0.7581043626189383,"5":1.463082029234202,"6":0.07951546124025496,"7":-0.9008378894213431},"1":{"0":-0.16165459889622646,"1":0.3919950116592605,"2":-0.36418821285295716,"3":0.07579332201773878,"4":-0.039612677562636575,"5":-0.3935252393812315,"6":0.07819519368603545,"7":0.28423387622966995},"2":{"0":0.7221649778409591,"1":-0.42652884650574957,"2":-1.079035969057889,"3":-0.10941884232468313,"4":0.8724623993494763,"5":0.1458390044059942,"6":-0.13718176716056835,"7":1.1970805215338778},"3":{"0":-0.027420797914386195,"1":-1.2617993017140074,"2":0.761795801298083,"3":-0.6568684290432827,"4":0.768824760286447,"5":-1.3456565964184763,"6":-0.0901262212432615,"7":-0.22930007332006655},"4":{"0":-0.3259130874587473,"1":0.49948099797572393,"2":-0.4108121826875675,"3":0.12960368469914094,"4":0.003675440233259164,"5":-0.42862375617993775,"6":0.03561205748723516,"7":0.17118303219639697},"5":{"0":-0.23872199171742553,"1":0.46490593569860683,"2":-0.3934718459807181,"3":0.11153936002919708,"4":-0.02567766410635659,"5":-0.39911878601788525,"6":0.025157493928858018,"7":0.13099412589081993}}