{"0":{"0":-2.8888220590241405,"1":-3.20761074828998,"2":-2.4381847440362074,"3":-2.8378864837763653,"4":-2.9345189726643657,"5":-3.022027802723986,"6":-2.499798327821766,"7":-2.8617286350809668},"1":{"0":-3.2911085433490213,"1":-2.4470664984759947,"2":-3.007429367005322,"3":-2.5772605510511974,"4":-2.689398826523349,"5":-2.9753686790513583,"6":-2.4288365197438355,"7":-2.6272558582177954},"2":{"0":-2.6821198361016108,"1":-3.339781992989596,"2":-3.0890494836135844,"3":-2.5063374399243394,"4":-2.4218829092060212,"5":-3.1733142594925794,"6":-2.846899008221208,"7":-2.9114143215829382},"3":{"0":-2.611364366572573,"1":-3.397487275535701,"2":-2.7069392931234177,"3":-2.664130830254848,"4":-2.7182357678248685,"5":-3.285860533294557,"6":-2.8845785248876994,"7":-2.5578600444477644},"4":{"0":-2.9453611557878636,"1":-2.195930802609179,"2":-2.974605508725858,"3":-2.637584064549181,"4":-2.377884586603949,"5":-2.2921537782884798,"6":-3.0387789016219213,"7":-2.359919288013726},"5":{"0":-2.7235247740871307,"1":-2.7259653691351007,"2":-3.157213728619639,"3":-2.333050981114745,"4":-2.8278673483660564,"5":-2.402591018510429,"6":-2.9881487970189324,"7":-2.609626766558154}}