{"0":{"0":-0.17299416686072114,"1":-0.8170114920747593,"2":1.6474834169691217,"3":-1.0255866051067597,"4":-0.45621162123856746,"5":-0.6098447479136154,"6":-0.39091650934118893,"7":-0.96465379839019},"1":{"0":-0.6731745733789513,"1":-0.20041424594261567,"2":-0.5223856411214813,"3":0.7169667547181361,"4":-0.48447069090648903,"5":2.0058310240779904,"6":-0.9859268019056693,"7":-0.2899964716190371},"2":{"0":0.5380825208568623,"1":0.2505881984416539,"2":-1.356901808815672,"3":0.14424503737812966,"4":0.9254706050505482,"5":0.24951733283123273,"6":0.742426006582622,"7":-0.8943088062172152},"3":{"0":-0.6674892471743801,"1":-0.1795751318980757,"2":-1.0432719456908353,"3":-0.6749486837377205,"4":-0.7786327478504499,"5":-0.6286749695783204,"6":0.1385336964448618,"7":1.0545201557782133},"4":{"0":0.7359191849737914,"1":1.3025496131323806,"2":-0.06672719259566487,"3":-0.0350337391181061,"4":-0.5934581812064157,"5":-0.5411469048564236,"6":-0.016794418254874037,"7":-0.5249317271471574},"5":{"0":0.7385988512220046,"1":-0.03061519943755833,"2":0.05087388346424235,"3":1.0024870923950513,"4":0.93911523709114,"5":-0.5239885171573782,"6":-1.138699661718502,"7":0.13785170562501758}}