{"0":{"0":-0.8445746018117238,"1":-1.0589723999762053,"2":-0.9274373133280581,"3":-1.7033671590838855,"4":-1.4168521102668,"5":-0.7513089906487055,"6":-1.3176590992630757,"7":-1.3138811520727696},"1":{"0":-1.2170913969204806,"1":-0.9866063151498063,"2":-1.2208284229111468,"3":-0.8116838543202795,"4":-1.180673311610297,"5":-1.4376688410338987,"6":-0.6846611993138597,"7":-1.4506397015326702},"2":{"0":-0.9858057340828539,"1":-0.9191873995149786,"2":-0.7827850559527667,"3":-1.45325144608153,"4":-1.3032441630199447,"5":-1.4409560904974796,"6":-1.4851220278758932,"7":-1.1286728075642687},"3":{"0":-0.8346588861185346,"1":-1.3771508909158063,"2":-1.2065511850190325,"3":-0.9792044229914919,"4":-0.7929024282199265,"5":-1.5013598008823532,"6":-0.7842725719803686,"7":-1.4975992190197913},"4":{"0":-1.3577226729841865,"1":-0.9157825239661687,"2":-0.7489609941916677,"3":-1.2456069884955414,"4":-1.5826003619132858,"5":-0.9935894276824518,"6":-1.4313062848188953,"7":-1.0041346127622752},"5":{"0":-1.5525536841794014,"1":-0.676029802082031,"2":-1.00407571942834,"3":-1.617373962203913,"4":-0.7410017617655531,"5":-1.262567674636434,"6":-1.442458158389559,"7":-1.0593119866792737}}