{"0":{"0":0.20274504912408806,"1":-0.15405219370091422,"2":0.2696505225689981,"3":0.31585581973038657,"4":-1.0654972736998944,"5":-0.7232892042909931,"6":-0.5216908193314556,"7":0.7773607761876771},"1":{"0":0.18048176735341656,"1":-0.33239742636266345,"2":-0.39715303379255074,"3":-0.4877447265704895,"4":0.36069758916956507,"5":0.03699657203893089,"6":0.4454185121844314,"7":-0.01856405568878998},"2":{"0":0.027483720150605045,"1":-0.005404504811819084,"2":0.2102409338043544,"3":6.198577059214072E-4,"4":0.22018076438321788,"5":-0.10443853387885924,"6":-0.051238234400221044,"7":-0.8665979374044087},"3":{"0":-0.16335700603569836,"1":0.06829257146741095,"2":-0.12375819851625754,"3":0.21370596784308082,"4":0.1776423759861671,"5":0.44107003755002305,"6":-0.34677627699607433,"7":-0.6102840025469949},"4":{"0":-0.4200198558786249,"1":-0.5954170974622914,"2":0.38652565088618845,"3":0.01018283673167194,"4":0.2566107557480461,"5":0.11948579505240187,"6":-0.2083970119372719,"7":-0.15649011487011003},"5":{"0":0.03614496562116862,"1":0.4416312256918105,"2":-0.46477818367936846,"3":-0.38366024603397586,"4":0.2004705655229053,"5":-0.24105460037744286,"6":0.19473405702210475,"7":-0.4270282540770538}}