{"0":{"0":-0.5444506438223,"1":-0.06778779039657296,"2":1.9715945380427327,"3":0.9255531823976737,"4":-0.9912931540934058,"5":-0.18473615338148378,"6":-0.356001706098334,"7":-1.292126104701006},"1":{"0":-0.6947397585077615,"1":0.9183023798310509,"2":-1.2460555555194284,"3":-0.892430188546743,"4":-1.2089529725463897,"5":-0.39682939702893893,"6":-0.08245443316218234,"7":0.34579460948632096},"2":{"0":0.7133609732085663,"1":0.991149379900637,"2":0.33031021021628854,"3":0.1170199877825617,"4":0.5943681450110252,"5":0.6103941280937671,"6":-1.6963391288642964,"7":0.0887251060476683},"3":{"0":-0.6271203043862357,"1":-0.6283562673959274,"2":-0.3237465013795002,"3":-0.997395759804556,"4":0.17215585917276768,"5":-0.5440871211238271,"6":-0.2680510656245392,"7":0.458118205585235},"4":{"0":0.9508329096443852,"1":-0.837537267255528,"2":0.3741187230677133,"3":0.840978474806283,"4":0.009603889662508708,"5":1.0000827172296796,"6":-0.5903710784246867,"7":1.5271815270331761},"5":{"0":0.7890082479135256,"1":-0.6647598649359837,"2":-0.6885702589335221,"3":0.658032612928105,"4":0.539607298476141,"5":-0.24123291651208806,"6":-0.03263373686553782,"7":-1.0150053876017662}}