{"0":{"0":0.0802011406149093,"1":0.13797505475409666,"2":-0.12101394508007624,"3":0.542101987612567,"4":0.2715680366639027,"5":0.559093719040976,"6":-0.7402233923656436,"7":-0.5115773076045016},"1":{"0":-0.384974238668673,"1":-0.4881323540191257,"2":0.042974206018232916,"3":0.4272509591247663,"4":0.47121991613410263,"5":-1.2470737384438095,"6":0.1324753196628073,"7":-1.8428727262292106},"2":{"0":-0.40587775615098487,"1":0.0040695294318387545,"2":-0.38606075724455124,"3":0.34411420576112955,"4":-0.32929993594072665,"5":-0.09225073263127581,"6":-1.7864635119282009,"7":-0.6066788996510134},"3":{"0":-1.3416170355668924,"1":-0.05802185032573638,"2":-0.1495739983612315,"3":-0.10403433933289519,"4":-0.8415394215263773,"5":0.4892161954163931,"6":0.33200101891111883,"7":-0.47038708217758696},"4":{"0":0.34261786445059217,"1":-0.033958418995537185,"2":-1.0403475789751202,"3":0.6274285607285223,"4":-0.47742592699386377,"5":-1.6496880454088692,"6":-0.5998768112735918,"7":0.43671921796576507},"5":{"0":-1.3500521101051446,"1":-1.5214652370673287,"2":0.1986964854109791,"3":-0.15613411983536923,"4":-0.2690047289282821,"5":-0.9601048786116986,"6":-0.5686253965021325,"7":-1.7470036829599909},"6":{"0":-1.1027447795325886,"1":-2.0177385728193316,"2":0.6601935287524846,"3":0.7182856663333612,"4":-0.8101341892963757,"5":-0.8325652307550321,"6":-2.187330898136741,"7":0.19353543612909455},"7":{"0":0.12669591143010783,"1":1.745533578839932,"2":0.33278111550531775,"3":0.7297969948489693,"4":-1.0865846639498369,"5":-0.4449013337100738,"6":-0.7010634457297253,"7":-0.6428375605874665}}