{"0":{"0":0.9163482656717584,"1":0.985005132643357,"2":0.07677432209923751,"3":0.8034051752665311,"4":0.7257090761899124,"5":0.5223719421907579,"6":0.7739048948178621,"7":0.6659325215452727},"1":{"0":0.9236168020869656,"1":0.1344472645813175,"2":0.03712997534421181,"3":0.0864228889136025,"4":0.5337929305986127,"5":0.38144253229514413,"6":0.5077866766465843,"7":0.878397036451902},"2":{"0":0.06690869269713406,"1":0.33178272655101304,"2":0.8628689108654015,"3":0.7615563739754049,"4":0.4950860095455628,"5":0.2945697873385902,"6":0.017460757369375024,"7":0.5342338945350393},"3":{"0":0.021443302973782052,"1":0.3467018188606068,"2":0.08487642985518618,"3":0.5340465799513836,"4":0.9061913554306537,"5":0.5658113998053026,"6":0.3447816564379541,"7":0.36871324290469043},"4":{"0":0.2836358606861834,"1":0.02960042678723107,"2":0.6580475667125365,"3":0.18904096741696452,"4":0.8585449658716241,"5":0.32281291760601993,"6":0.7368146856442047,"7":0.09737240962056859},"5":{"0":0.6056916106254201,"1":0.5050013319976507,"2":0.4292218576097788,"3":0.6373252076106335,"4":0.11298190956598642,"5":0.23540599287267672,"6":0.7104805701780681,"7":0.6944439805535256},"6":{"0":0.006432855689575745,"1":0.02568111065054346,"2":0.3854523008318117,"3":0.5524242472220058,"4":0.9743633670466094,"5":0.39686547226686886,"6":0.6026130399261971,"7":0.2958566438947877},"7":{"0":0.26851522682204143,"1":0.05390899839093133,"2":0.15526525836771599,"3":0.2279793989195179,"4":0.20142108224661237,"5":0.05923150970962976,"6":0.20308497261279757,"7":0.4807150251300202}}