{"0":{"0":1.9820529412347423,"1":1.754243297949413,"2":-2.235729897591357,"3":-2.990064207982551,"4":-0.22612132487683745,"5":0.39220647991507035,"6":-2.9441502147396683,"7":0.16550875475417676},"1":{"0":3.5372097396081643,"1":1.9127235391800976,"2":1.348802358190498,"3":-3.9267435127079917,"4":-0.5276922371814008,"5":0.5508282915155241,"6":-4.574825581229112,"7":0.43275937970329736},"2":{"0":0.4985375315639861,"1":-1.504131477272934,"2":-1.000056596878797,"3":-0.10213427061165874,"4":-0.6378885992352267,"5":-0.08558471851730934,"6":-0.025054286943347277,"7":0.47475190826441493},"3":{"0":-0.3480880415323837,"1":1.217759774297376,"2":-0.8442478933030374,"3":-3.275981925467341,"4":1.4681275356580807,"5":-0.08605302632720954,"6":-2.7009522136525037,"7":0.23425073028134993},"4":{"0":-1.5863990226622666,"1":1.1342456242620311,"2":-2.2521935682961636,"3":-0.3925437907046115,"4":0.6955429411834947,"5":0.4583475238951814,"6":-1.5366016272219485,"7":0.4639868017981872},"5":{"0":-1.5132580313434696,"1":0.33271122216416754,"2":1.115424962770982,"3":-0.39724000414615934,"4":-1.7306694460910235,"5":0.19111252838723017,"6":-1.2679851536894062,"7":0.5404286390943664},"6":{"0":0.43819916082655463,"1":1.2392297549413747,"2":0.0796374552526461,"3":0.70954561010604,"4":-0.209651306851823,"5":0.03913867206883914,"6":-1.4964725885183376,"7":0.48479521856464647},"7":{"0":-0.19040861938105236,"1":-0.1991725770425767,"2":0.5820114184920943,"3":-0.1285413771800781,"4":1.2957957224165477,"5":0.6741685309696942,"6":-1.5487936057628644,"7":-0.1257770251662466}}