{"0":{"0":0.7326040829375577,"1":1.5153157479521346,"2":1.3927606427896266,"3":0.38532142588558627,"4":1.6964506782899054,"5":1.1123233337730896,"6":1.1457005166929028,"7":1.551746662797765},"1":{"0":0.9687200947289467,"1":1.1173145475181043,"2":1.2873081459129125,"3":0.5384067505013073,"4":0.9564186446156852,"5":1.3540466301556657,"6":1.3166141482794833,"7":0.8729405898769249},"2":{"0":1.5292159410886559,"1":0.9599956761712638,"2":1.4131213098715785,"3":0.5262538309215524,"4":1.3553059875977633,"5":1.1895362308452144,"6":1.2642858173233276,"7":1.3027818774664746},"3":{"0":1.4115459430800466,"1":1.4451355935571188,"2":1.2393778467086285,"3":0.9549548240231118,"4":1.0535433455789047,"5":1.381360405411714,"6":1.2221038899168823,"7":0.9458421953326113},"4":{"0":1.2511616907506924,"1":1.0436729844434376,"2":1.2900063972972902,"3":0.8506455640282442,"4":1.2082462031982446,"5":1.3218815972699325,"6":1.195286886747427,"7":1.6517290554409407},"5":{"0":0.8608271022110277,"1":1.1606260996023425,"2":1.1197494918599604,"3":1.0331143686038327,"4":1.16044112533573,"5":1.1123628185960437,"6":1.1610571741306348,"7":1.1485947352639903},"6":{"0":0.8128743777494316,"1":0.6537950798592445,"2":1.1847790958815785,"3":0.7321305989691934,"4":1.312018984208135,"5":1.189604963719352,"6":1.3157770483818716,"7":0.7833982735397838},"7":{"0":0.8702928495550777,"1":1.5177261867612453,"2":1.2436765589778505,"3":0.615717642622776,"4":0.6351192629642646,"5":1.3515522490065432,"6":1.192231680644513,"7":1.4651931964836173}}