{"0":{"0":0.7005144134635587,"1":0.7164132096319672,"2":0.012552306668584534,"3":-2.635799813025718,"4":-0.9536950833427135,"5":1.4686928670969313,"6":-3.534548189388758,"7":-4.216110893647337},"1":{"0":0.4336020067847442,"1":-0.1456944488282588,"2":0.11199750596527241,"3":-1.82046163961071,"4":0.06474638618427071,"5":-0.2901288238291759,"6":-0.989905311389654,"7":1.3206535629979863},"2":{"0":-0.19516108678712213,"1":0.12027342575709926,"2":0.0390497765330588,"3":-1.7249635886459418,"4":2.4021257299995225,"5":-0.6399382779673569,"6":0.1991326695042405,"7":-1.6755958806915663},"3":{"0":0.3823542995267506,"1":0.061072835442515114,"2":0.51814489593697,"3":-2.8166252640400313,"4":1.7163050157972715,"5":2.8522545874003327,"6":-3.0703220201716164,"7":-4.731259059056521},"4":{"0":-0.15658760886788392,"1":0.3339529668210731,"2":-0.08745813563520088,"3":-1.753289897791952,"4":-0.9872227150868808,"5":0.7681303504731828,"6":1.2101222902207205,"7":-0.7420815373093762},"5":{"0":-0.23542297331205359,"1":-0.09895723122571494,"2":0.42734442588084826,"3":-1.7432023984447285,"4":-0.7508433803831627,"5":-0.7463450550472966,"6":-3.4986107181879404,"7":-3.4040716808209734},"6":{"0":-0.1588341530280869,"1":0.3834507938759421,"2":0.5474764401598811,"3":0.4309120423275174,"4":0.044822789313585826,"5":0.35603886326057704,"6":-0.36767996952981874,"7":-0.2824209899343333},"7":{"0":-0.1008853559364708,"1":-0.3284447010017087,"2":0.13623138956717445,"3":-1.0664939579909778,"4":-2.920213701189124,"5":-3.629557013742223,"6":-1.1467693194009003,"7":-1.4496926977968656}}