{"0":{"0":0.5266807276229657,"1":0.92716443934368,"2":0.9647824955194926,"3":0.7120250806654046,"4":0.44729899338588347,"5":0.6555071937388465,"6":0.06011221532090089,"7":0.8779474490858447},"1":{"0":0.3696576802959367,"1":0.5119921101839223,"2":-0.22059738554039465,"3":-0.3902237216600085,"4":-0.1178520828003483,"5":0.21890596067476986,"6":-0.21437038240164902,"7":-0.30965470720952315},"2":{"0":0.18985279664976656,"1":0.39125878691210014,"2":0.8674221427109637,"3":0.7699657851909327,"4":-0.039655038976338756,"5":0.8274985192020882,"6":0.4334845113230937,"7":0.24249166882353673},"3":{"0":0.2850489012938173,"1":-0.05615648526178629,"2":-0.08736202513557272,"3":0.7597686808744017,"4":0.5730277891792427,"5":0.44765726287021335,"6":0.5291731332448341,"7":0.2772556483051313},"4":{"0":0.5498527782247097,"1":0.3026506051194487,"2":0.044628173139346305,"3":-0.12840963896772786,"4":0.8184299367862515,"5":0.1744752162507159,"6":0.6069502292115095,"7":0.5972785003359894},"5":{"0":0.1965764863357414,"1":0.4047529519365855,"2":0.37153834596442475,"3":0.8997874050631126,"4":0.8643942312007586,"5":0.7314025978874673,"6":0.6425482812567004,"7":0.16276995331253888},"6":{"0":-0.40369410260649996,"1":-0.18349268903323984,"2":0.2902815900601542,"3":0.20114999060441702,"4":-0.48884845057613996,"5":-0.34694118581748945,"6":-0.37536161578145427,"7":-0.5874810150920481},"7":{"0":0.5809190048679366,"1":0.830654791859165,"2":0.4774147576820134,"3":0.5986579984528053,"4":-0.07987260532460926,"5":0.7732324870864214,"6":0.29329570677540207,"7":0.4926319196077722}}