{"0":{"0":0.7306688354098506,"1":-3.007986039594179,"2":0.6506522599173334,"3":0.8932547347139168,"4":0.2846707708552184,"5":-1.2349271114001306,"6":0.2807250372481508,"7":-0.5138879743529198},"1":{"0":0.5191878542840688,"1":-0.7347619544893136,"2":0.5255613223765915,"3":0.13081424334008696,"4":0.4219867618488782,"5":-1.0290897093997002,"6":0.15643600690261036,"7":0.5621640651246284},"2":{"0":-1.156341005570723,"1":-0.9190773271878515,"2":0.7771268207534977,"3":0.9474249336022865,"4":0.561061802387231,"5":0.1830673702534048,"6":0.37113432145565217,"7":-0.05016352573878889},"3":{"0":0.7661590984281088,"1":-1.0666822007134757,"2":0.39433827864883797,"3":-1.115960154711751,"4":0.5546420214752215,"5":0.7927954371524465,"6":0.5866632704629272,"7":-0.40956130163076915},"4":{"0":-0.9616683134382291,"1":-1.3991022290706225,"2":0.4375889576172451,"3":-1.9102351258785193,"4":0.32429490529283983,"5":-0.18723330810252953,"6":0.37546955730450077,"7":0.19108349539882508},"5":{"0":-1.8107811720276266,"1":-1.112332197271118,"2":0.32325178932893356,"3":-1.2077852557366067,"4":0.4700738442615017,"5":-1.8503015471996638,"6":0.5091157489723765,"7":-1.3709296862663947},"6":{"0":0.3755751124448807,"1":-0.9933363795678629,"2":0.5975093155128076,"3":0.31748880775520916,"4":0.6204130992410548,"5":-0.51721088804223,"6":0.0036253081480537297,"7":-2.0534937999965073},"7":{"0":-0.9470782539253295,"1":-1.7063647396287944,"2":-0.17019647539235028,"3":0.17047297327692124,"4":0.7151192294523502,"5":1.2010119830775996,"6":0.6770253309496718,"7":-0.2971527519801757}}