{"0":{"0":-0.347978578608166,"1":-0.037173522949191094,"2":0.06316150602422786,"3":0.11372699290095596,"4":-0.18363958326428995,"5":-0.2620856770384329,"6":-0.10259734836786194,"7":0.5486272366748723},"1":{"0":-0.260274317795679,"1":-0.10960708367328055,"2":0.17043626036923346,"3":-0.39111056978235514,"4":-0.20051931235842382,"5":0.3592027806499673,"6":-0.12977239123462533,"7":0.3003139542740286},"2":{"0":0.1352663951959406,"1":0.2142258358488886,"2":-0.3100991313285889,"3":-0.318751937937203,"4":-0.35712735194776085,"5":0.006386477599809866,"6":-0.10221431011210326,"7":0.471993102559615},"3":{"0":-0.06571364699415637,"1":0.12169222383456242,"2":0.1405020348834589,"3":-0.19332277799675934,"4":-0.33526093342854774,"5":-0.09390797059910674,"6":0.20287719854487613,"7":-0.07316295032709864},"4":{"0":-0.22685441971634474,"1":-0.22594976375230205,"2":-0.3476402032192382,"3":-0.19377867065677434,"4":0.0674759740791254,"5":0.2628594021827031,"6":-0.08550611913934579,"7":0.5049678313728891},"5":{"0":0.06696939129148134,"1":0.3772563511684029,"2":-0.35257745225615883,"3":-0.025971561936910702,"4":-0.4611443895498511,"5":0.3611797073559709,"6":-0.5102883649167186,"7":0.2640482317422983}}