{"0":{"0":-0.22496666002876103,"1":-0.26998624611671657,"2":0.12958533790825344,"3":-0.19298836323539287,"4":-0.163437211206823,"5":0.4183710843270303},"1":{"0":-0.4755872449882898,"1":0.06618698927402314,"2":0.21903113315709186,"3":-0.4143524287364761,"4":-0.2109898835336805,"5":-0.08356975988054278},"2":{"0":-0.3399367121188397,"1":0.30553282023148853,"2":-0.1209737991918337,"3":0.14478497714319377,"4":-0.2042994352682232,"5":0.1803693987580992},"3":{"0":-0.06779546157459225,"1":0.05016849026536622,"2":-0.005466874849230928,"3":-0.7140958008292976,"4":-0.24490973515575054,"5":0.13925959983886088}}