{"0":{"0":0.3982313420228319,"1":0.1559086192559634,"2":-0.05177370068983582,"3":0.32659690964004967,"4":0.5638359508070989,"5":-0.07090021650465664,"6":0.07343131724315874,"7":0.03587836660808471},"1":{"0":0.06455161772459256,"1":-0.5038962853520409,"2":0.6630400357861689,"3":0.17256136700929087,"4":0.6264899165539615,"5":0.5592955698728029,"6":-0.7537404216896465,"7":0.13246285548521117},"2":{"0":0.5033958219448812,"1":-0.4242680417500556,"2":0.2243131383763757,"3":0.6919885679798246,"4":-0.28242521771113915,"5":-0.2696080061652752,"6":0.025939272282681933,"7":-0.027389929761603433},"3":{"0":0.5675014589305578,"1":-0.5310754576949257,"2":0.3097513324131554,"3":0.47151778991937926,"4":0.14960808724545105,"5":0.2758009209843503,"6":-0.9801604185248556,"7":-0.2754926774914831},"4":{"0":0.6132914281847731,"1":0.24472101545153999,"2":0.5954551595332427,"3":0.1623445820021629,"4":0.6159729216018036,"5":0.6344718780098932,"6":-0.04099495187298539,"7":0.4851243012668792},"5":{"0":0.27257952247257133,"1":0.22563489396774872,"2":-0.2295388193012512,"3":0.40737538206652735,"4":-0.35995092437516996,"5":0.0018415341790173187,"6":0.40870267039735453,"7":0.01616292272069133},"6":{"0":0.09673351949679168,"1":0.2991663980614414,"2":0.558743439601675,"3":0.1794136322918808,"4":-0.30910746070198103,"5":0.7198952592295415,"6":-0.4442767998442783,"7":0.35087671436518547},"7":{"0":-0.1754263149158109,"1":0.5676765151311679,"2":0.0767350423656453,"3":0.5004056562413026,"4":0.21569932869487568,"5":0.18588686697835205,"6":1.214204661966984,"7":0.6401369999120612}}