{"0":{"0":-0.2902526998537508,"1":0.45575970752308553,"2":0.43826759029339507,"3":-0.016607503604561903,"4":1.1323020825842713,"5":-0.5634612983073766,"6":-0.0389048261613138,"7":-0.4026258489715451},"1":{"0":0.8588599810618618,"1":2.8162872637503114,"2":-10.004575226710916,"3":-0.39604014905589946,"4":-3.840650034151421,"5":-9.108968975420245,"6":-8.267121908793754,"7":-6.711461906572612},"2":{"0":-0.580297020608866,"1":0.5931848977411313,"2":-0.36949985747688074,"3":-1.8842307388581276,"4":-4.883191541506232,"5":-0.3931010327361848,"6":-0.16167990368969984,"7":-0.35236196667256425},"3":{"0":1.6957857354019934,"1":-0.5932795761390529,"2":-12.004769772733676,"3":4.961106390857324,"4":-10.156268206643345,"5":-18.12906470449196,"6":-10.014086881547092,"7":-12.213551418476351},"4":{"0":-0.7545740696999145,"1":-0.2896878206218252,"2":-0.5929880392291809,"3":2.3527735363684212,"4":-6.798598011698247,"5":-0.8606198218537373,"6":-0.32640907574026207,"7":-0.27878669127191463},"5":{"0":1.49914591616116,"1":-2.9470476798117233,"2":-8.169311062453914,"3":-2.9342620972762785,"4":8.424132717452666,"5":-7.081292823417627,"6":-10.587023790924455,"7":-7.716796886657848},"6":{"0":-0.03584229373104285,"1":10.021184957519756,"2":-26.6477083388422,"3":2.3480498499733953,"4":7.364424533107057,"5":-5.10202918205343,"6":-20.43736660299409,"7":-12.22044985370839},"7":{"0":1.0303486659009413,"1":-9.957045580233045,"2":-6.410248688398026,"3":-2.972784292761473,"4":5.694537082496628,"5":-0.5645304358689931,"6":-1.0650800080590326,"7":0.34515887718754656}}