{"0":{"0":0.9839515014597098,"1":0.12930964259828887,"2":-1.2257198814450618,"3":0.7094573901712456,"4":-0.42369399424333554,"5":-0.8136684149985313,"6":0.6929332455933473,"7":-0.8416784409512018},"1":{"0":0.2708519454945192,"1":-0.8604214714204924,"2":-0.6642572854441007,"3":-0.40450775115239224,"4":0.27093885735895457,"5":1.9001087755966621,"6":0.15041623466353357,"7":-0.26783499676994116},"2":{"0":-0.4021571988669236,"1":-1.2743471029133744,"2":-0.046122191521639044,"3":0.6176063341782624,"4":-0.012847706701865746,"5":-0.7424883592312558,"6":-0.166221930994987,"7":1.1298561594593606},"3":{"0":-0.5393995007841589,"1":-0.2003878636447982,"2":-0.2815616063588551,"3":-0.471113526043569,"4":0.6527777184989306,"5":0.9694777224501686,"6":0.06816573906333441,"7":-0.4930131334476165},"4":{"0":0.8835802046293515,"1":-0.18686228580487235,"2":0.8582626749074463,"3":-1.2317477129238965,"4":-1.276026495830431,"5":-0.37778949752639274,"6":0.4585887787086215,"7":0.07423165344712507},"5":{"0":0.47056474685037125,"1":0.6404401384682301,"2":-0.1809473158190775,"3":-0.4683103472131539,"4":0.531722800456337,"5":-0.3600247489015735,"6":-1.4254593777797733,"7":-0.1342583427022234}}