{"0":{"0":-0.466671948936785,"1":-0.5621969786406861,"2":-0.9014624444893968,"3":1.210509387839475,"4":1.381732560854562,"5":-0.4434160604005802,"6":-0.20151533167426897,"7":-0.706460433531523},"1":{"0":-0.4163331162304601,"1":0.44282693630581194,"2":0.41431929254067995,"3":-0.17669150951068494,"4":-0.5256850278504724,"5":-0.2261606319220123,"6":-0.3680847173492414,"7":-0.8109782918884647},"2":{"0":-0.6306906839702546,"1":-0.5580534268598074,"2":-0.18619262137152492,"3":-0.5966085337529464,"4":-0.10567249917614399,"5":-0.21834665006847703,"6":1.48627320088802,"7":-0.17698436707731147},"3":{"0":-0.47199331368221803,"1":0.40173858956648095,"2":0.5966443167180597,"3":-0.12518971345697544,"4":-0.4747142018443792,"5":-0.46084737314937463,"6":-0.22664459552973173,"7":-0.8455500189002905},"4":{"0":0.5390976242366112,"1":-0.11081993160873956,"2":-1.0973157787835357,"3":0.15738277281526317,"4":-0.8345062511244579,"5":0.827270375852479,"6":-1.2966562131738635,"7":0.4008587793210382},"5":{"0":-1.0956981897109184,"1":0.3702045647904898,"2":0.5784821792842515,"3":0.23467248476403987,"4":0.2657524312924172,"5":0.37557630074950393,"6":0.528097460534305,"7":1.3726937672814457}}