{"0":{"0":-1.0347300444067447,"1":-0.5261902955156229,"2":-0.33402514892490387,"3":0.44778790353497083,"4":1.245644609794289,"5":0.2283850489774001,"6":0.08375338845963036,"7":-0.5974993918554048},"1":{"0":0.15666225098070333,"1":0.15425488073978189,"2":-0.21854151518851933,"3":0.7843677689599392,"4":-1.2958981292881622,"5":0.37152231703652255,"6":-0.47809018667915026,"7":-0.7293229531055846},"2":{"0":-0.5395938412842677,"1":-0.5790642657324158,"2":0.11982539377271927,"3":-0.0029700277135464763,"4":-0.8860797793373254,"5":-0.41777781832388416,"6":-0.5215785828739601,"7":1.3273983944205336},"3":{"0":-0.3930506257805514,"1":1.1685181217980545,"2":-0.4431902134553411,"3":-1.0712525628232046,"4":0.17308669364209378,"5":-0.033391942984599514,"6":-0.6463784810773862,"7":0.061828152385057504},"4":{"0":0.6135748240997422,"1":-0.7487199730200487,"2":0.8571882080085379,"3":-0.9877532458353003,"4":0.0519885938171708,"5":-0.2388239222362005,"6":0.38935376628870966,"7":-0.8180831004213258},"5":{"0":-0.5855826299833974,"1":0.19910841242239036,"2":0.19106380652650207,"3":-0.4574584988372973,"4":-0.8961987953850232,"5":0.45584310507799936,"6":0.9734640542784222,"7":0.3073388317473832}}