{"0":{"0":0.7559253041014267,"1":0.04194190269306623,"2":0.2007270575245903,"3":0.4412164364769265,"4":-0.0649391353039568,"5":0.13045771615850255,"6":-0.4271136924536655,"7":0.2999932852878279},"1":{"0":-0.9962798565538538,"1":-1.022053785062597,"2":0.45999341358296714,"3":-1.3611489150423144,"4":0.2170612737908674,"5":0.7408881684708274,"6":0.18059730820497877,"7":0.5686526710078675},"2":{"0":-0.27116389909257643,"1":0.20007279132999323,"2":-1.7744828605349903,"3":-2.0954889824432676,"4":-0.3499142541348495,"5":0.2468070168910453,"6":-0.9621251334269887,"7":0.05535733079162628},"3":{"0":-0.7777942082816472,"1":-1.1151962457281948,"2":-1.5285068194212807,"3":1.1521758871069332,"4":-0.5442261699816054,"5":0.7081226678659084,"6":0.02182874946727055,"7":0.4107278644490551},"4":{"0":2.6857337417061244,"1":-2.2132396039883098,"2":0.8582344134943123,"3":0.11836129224875054,"4":1.305587492507076,"5":0.7221703061601108,"6":-2.2072245157939174,"7":0.6794459718103103},"5":{"0":-2.14484406380057,"1":-1.2777357433159315,"2":-0.2605717930379229,"3":2.049416869438967,"4":0.9312683914137362,"5":0.5276993515478925,"6":-3.368868500644186,"7":0.1381439039996669},"6":{"0":-0.5255733722567115,"1":-1.6386683880809485,"2":1.5645034079809566,"3":0.6739973136011551,"4":0.7120698547896,"5":-0.03810946289467001,"6":-2.4058218366230655,"7":0.7138626405595669},"7":{"0":1.9861536418746295,"1":-3.151664979953226,"2":-4.105526358488688,"3":-0.5142922620409378,"4":-1.009508204402138,"5":-0.1679284593531093,"6":-1.361171509370576,"7":0.607247691372083}}