{"0":{"0":1.2625282840661256,"1":0.9799712191284378,"2":1.1752377552972055,"3":0.8022751376215884,"4":1.5316066260993886,"5":1.1177956575309165,"6":0.9762500888172421,"7":1.4312550502607757},"1":{"0":1.4455118824500182,"1":1.2372677038732822,"2":1.3015405407353071,"3":0.854771023767847,"4":1.0862548640604235,"5":1.1741191832916107,"6":1.6298865088550691,"7":1.000320666405217},"2":{"0":1.0796535360849306,"1":1.2707747773841183,"2":1.564243037952218,"3":1.2641459523390561,"4":1.2007198744782859,"5":0.8814513261462533,"6":1.0508320597726577,"7":1.097937436929789},"3":{"0":1.5642462381798772,"1":1.0932121568378572,"2":1.011924409018759,"3":1.2699055985641303,"4":1.0955415317332446,"5":1.1593983857376218,"6":0.8529313677237782,"7":0.9687025872649867},"4":{"0":0.863238972680394,"1":1.436030995290621,"2":0.9271724378723417,"3":1.180053673168209,"4":1.019306284522682,"5":1.4037809266464014,"6":1.4163923075360314,"7":1.2550004544720097},"5":{"0":1.2636925028610175,"1":1.4312571192905543,"2":1.2462744575447184,"3":1.1246039853941199,"4":0.9302060912733068,"5":0.9810697211416011,"6":1.2154131760228455,"7":1.5345860505395459}}