{"0":{"0":-0.12976393218780927,"1":-0.2514401925753876,"2":0.15681755558808774,"3":0.48337648282910944,"4":0.2620031947056776,"5":0.6296847166758498,"6":-0.1173818777135936,"7":-0.2773972491311384},"1":{"0":-0.5863616879525223,"1":0.41628536351568224,"2":-0.06131947351975272,"3":0.5713911671238171,"4":0.2403939321857308,"5":0.7025381736032894,"6":0.5013674870637388,"7":0.35171623480748904},"2":{"0":0.279150763901251,"1":0.6102783269877963,"2":0.06261917096583768,"3":0.053482444258331985,"4":0.2594868449089838,"5":-0.1588001157641766,"6":0.12109430495495616,"7":0.5073672359109064},"3":{"0":-0.24967168027308395,"1":-0.21534668876729052,"2":0.5229623155145191,"3":0.3094226316515189,"4":0.11101433909723729,"5":-0.009853615028484967,"6":0.7102761077013673,"7":0.2651151921962678},"4":{"0":-0.33816358124917434,"1":0.5971936869140217,"2":-1.0817204379894518,"3":0.02825912596318253,"4":0.6308221227033033,"5":0.14046344947911885,"6":0.5993884256031419,"7":-0.26279052455322865},"5":{"0":-0.16703919326332578,"1":0.09846786652499656,"2":-0.6269530077825761,"3":0.03916958723267311,"4":0.5777360079086646,"5":0.15428189568188125,"6":-0.22615072520932794,"7":0.27208531746504827},"6":{"0":-0.4423070807194999,"1":0.3016700876081056,"2":-0.10599952207190842,"3":0.16464319065481908,"4":0.18954016283759584,"5":0.6328905432918684,"6":0.35286436420291895,"7":0.10431574472273217},"7":{"0":0.9107126611909117,"1":0.6618168692648605,"2":1.0549655427875313,"3":0.18711903587139794,"4":0.6634476644130325,"5":0.16710257785845342,"6":0.5640534243692288,"7":0.5021290240274701}}