{"0":{"0":-0.5282109951084156,"1":-1.1086059655298681,"2":0.5678606812722957,"3":0.7466736111080909,"4":-0.47158216129975117,"5":-0.871404788450499,"6":-0.3249418418210375,"7":1.2219633214447247},"1":{"0":-0.6263670578622165,"1":-0.2758730190720741,"2":-0.5339168547523726,"3":-0.6487117479849223,"4":1.6065416725866333,"5":-0.6575739850471534,"6":0.5389012338058606,"7":-0.14775113088026035},"2":{"0":-1.0335131532759536,"1":0.5896550577775221,"2":-0.8256830497381439,"3":0.46024354369507436,"4":0.46176635081441575,"5":0.6711704376792661,"6":-0.5050486303004167,"7":0.9672117035489401},"3":{"0":0.3409602626115227,"1":0.5123429334823902,"2":-1.4539071123949245,"3":0.7558801767402423,"4":-0.8515758239310971,"5":0.44476156872440803,"6":0.4772516257987522,"7":-0.9180793662848032},"4":{"0":-0.5176751096480209,"1":1.5415253546078072,"2":0.629096457200821,"3":-0.9996449301159734,"4":-0.2585082426413299,"5":-0.5077379816627318,"6":-0.6175170545134412,"7":-0.00825488127221964},"5":{"0":0.6005466584518169,"1":-0.6129928608176357,"2":-0.4463878102771929,"3":-0.08553397931674797,"4":0.28180594320007807,"5":0.9178254049343361,"6":-1.1803286413344527,"7":-0.24899374060623022}}