{"0":{"0":0.08859640735117855,"1":-1.004637269617234,"2":-1.0862005820090006,"3":1.084006869928871,"4":-0.1178491692254224,"5":0.6822295715656492,"6":0.21985442106005634,"7":-0.5358326870364203},"1":{"0":-0.6241066338930213,"1":-0.5572372848426143,"2":0.9014592139718665,"3":-0.6499121563044119,"4":-0.6214342941805638,"5":2.0694874003177177,"6":0.49421804056529217,"7":0.2921578339284859},"2":{"0":0.33945316240525747,"1":-1.2671569920606962,"2":0.29029472051516186,"3":-0.6891314156903277,"4":1.5840361527315732,"5":-1.020103190752669,"6":-0.5875319632982091,"7":0.9704720699991166},"3":{"0":-0.6128396640732685,"1":0.08877226268775813,"2":1.414084697043826,"3":0.1414119403554914,"4":-1.6782448726934018,"5":-0.9374647355838381,"6":-1.3619955685192322,"7":-0.8457376332929146},"4":{"0":-1.2326214628587466,"1":0.28743835674710616,"2":-0.23351618146025044,"3":0.4351321403291869,"4":0.1659271424256891,"5":-0.04613568661893315,"6":0.28195767406273875,"7":2.068785736475876},"5":{"0":-0.4068530272722397,"1":1.0918530624925338,"2":-0.9809535609222716,"3":-0.8548746862332885,"4":0.8821288170275285,"5":-0.16851374531451851,"6":1.030059874834417,"7":-1.4756173654359839}}