{"0":{"0":0.6673232576622679,"1":0.8036251969753168,"2":-0.36656600051252725,"3":-2.879735352731042,"4":-1.6674944566769212,"5":0.7036171066095948,"6":0.6864030577742606,"7":0.8574955825906291},"1":{"0":0.8660194812537484,"1":0.6952829323453656,"2":-1.4380866624068553,"3":-1.4280258702262785,"4":-1.8856321954494668,"5":0.8506637897170579,"6":0.6392997138935225,"7":0.875138952544801},"2":{"0":0.6579368870094321,"1":0.7917438670876742,"2":1.3231601517781402,"3":-0.6410704799126614,"4":-0.14167086517558677,"5":0.8279179284683912,"6":0.6763171721241322,"7":0.837807517743532},"3":{"0":0.6595810346476063,"1":0.7051228191959462,"2":-2.575730588610818,"3":-2.226308010981716,"4":-3.1177505990920364,"5":0.8268977025234132,"6":0.7145274174809424,"7":0.6903953782255834},"4":{"0":0.7274451270749926,"1":0.7674453302080364,"2":2.182724939701432,"3":-3.550363586431016,"4":-0.3544594393396801,"5":0.8108044861211516,"6":0.8239285560494424,"7":0.6681335883020343},"5":{"0":0.7061032712080664,"1":0.8661397100804371,"2":-0.9732695905310571,"3":-1.4783534866027483,"4":1.4281380100014835,"5":0.8584468729033762,"6":0.8266720197290268,"7":0.7788244049420487},"6":{"0":0.7311583531591073,"1":0.7958902313740457,"2":-0.5619956690021415,"3":-2.2529214187539877,"4":-2.1165013280938108,"5":0.6813618128086263,"6":0.6241256067869678,"7":0.8249719075134984},"7":{"0":0.6411362439270506,"1":0.599518050760601,"2":0.45613144914307135,"3":-3.6642789049793443,"4":-1.111732531383831,"5":0.7242994373697418,"6":0.633813812878804,"7":0.6947254704959408}}