{"0":{"0":0.2754024881438462,"1":0.3342824137554377,"2":-1.147019319954884,"3":-2.6629606096272433,"4":0.7591477473570776,"5":0.3177603385713114,"6":0.3156429482822075,"7":0.09216747254068366},"1":{"0":-0.5978235489427816,"1":0.10630545971412825,"2":-1.6117369586539818,"3":-2.621397428780417,"4":-0.21259061690318354,"5":0.07375597791035066,"6":0.18476382472037364,"7":-0.7854966861981126},"2":{"0":0.34337428895702493,"1":0.7630347288126358,"2":-1.1492593550599113,"3":0.742345805927097,"4":0.21640261704767746,"5":0.18642766432134403,"6":0.5477483167933085,"7":0.3010664489275279},"3":{"0":-2.5295769585169623,"1":-0.05994457104095596,"2":-1.2254969931519208,"3":-0.9405201314202414,"4":-0.13706574203667998,"5":-0.15297114587636604,"6":-0.025023981550138834,"7":1.0791904736872628},"4":{"0":-0.6267016027648117,"1":0.6447084563413229,"2":-0.9686874031967697,"3":-0.1808777895557595,"4":0.5062661192588722,"5":0.7193358369193796,"6":0.6991484017013038,"7":1.2522044756973367},"5":{"0":-1.6792521341330826,"1":0.5594259848272162,"2":-4.568174100469776,"3":2.772375401770266,"4":0.44847576228643427,"5":0.2685126173450264,"6":0.41375833030120146,"7":-3.4076398475549254},"6":{"0":-0.7385847496455465,"1":0.47578044334919833,"2":0.28187952768679425,"3":-0.14165743453677415,"4":0.4666229660039391,"5":0.17575795306540837,"6":-0.004293874562625551,"7":-1.0693210803905697},"7":{"0":-2.615669956474126,"1":-0.022938719881343234,"2":-2.8339927478773554,"3":2.2793090243373877,"4":-0.13280793223922877,"5":0.667557431274297,"6":0.6188265938773766,"7":-1.4343249471727073}}