{"0":{"0":0.05979598908444263,"1":-0.32846063119370766,"2":0.1894011301965951,"3":-0.26221194069814213,"4":0.47363969794011584,"5":-0.4100956666840417,"6":-1.2149463168330665,"7":-0.036354561133810595},"1":{"0":-0.4069549379389998,"1":0.3265584193279977,"2":-1.1854873506841204,"3":1.6803048769319653,"4":0.003485640514337897,"5":-0.3904677797998187,"6":0.2931922824218731,"7":0.9411228558472936},"2":{"0":-1.133991976009219,"1":-0.43574073200170393,"2":0.5465246176388192,"3":-0.12449105688465202,"4":-0.49187556052976134,"5":-0.07434908796032116,"6":0.3724161168929413,"7":0.26113681256872956},"3":{"0":0.5800034092064973,"1":-0.13880709577242026,"2":-0.7440842715094048,"3":-0.39345004097957836,"4":-0.82435823309876,"5":-0.19653101145742446,"6":0.7281181774004849,"7":-0.40916580965331634},"4":{"0":0.09241430284544624,"1":1.2445457838229732,"2":-0.38251096737399315,"3":0.012438774642879201,"4":-0.3917317856050345,"5":1.6930418787778536,"6":-0.6866119509363455,"7":-0.08345370661706975},"5":{"0":0.17763091433594705,"1":-0.24068257201790813,"2":-0.33410041324425216,"3":-0.30021612401446196,"4":0.24553557941810158,"5":-0.4362878768342144,"6":-0.5660645379297422,"7":-0.06150423758476743}}