{"0":{"0":0.21799842941237643,"1":-0.8848064336734071,"2":0.016651169596146483,"3":-1.1775553289981653,"4":-0.03232341857209253,"5":0.45974493083456125,"6":-0.14468584483561311,"7":0.9153289658373407},"1":{"0":0.053368901250562546,"1":0.44361132459688585,"2":0.08450667434931021,"3":0.20182702715498801,"4":0.3451656938629686,"5":-0.37311922811101766,"6":-0.3847964238417729,"7":-0.0569113407922339},"2":{"0":-0.1097456524548864,"1":-0.11785886786178762,"2":0.16887639947293995,"3":0.3406077567802748,"4":-0.1855824581266746,"5":-0.4643570229704874,"6":0.2114318305786105,"7":-0.11307242098276132},"3":{"0":0.16697231549860259,"1":0.11029627469250602,"2":0.1345209440643002,"3":0.19948785680247705,"4":-0.5402944991049491,"5":0.060701239912238275,"6":0.16505331865054917,"7":-0.8889010828287214},"4":{"0":-0.3240860025920929,"1":-0.07426295561398893,"2":-0.3478346762310456,"3":0.3723701910139315,"4":0.12260526381023606,"5":0.23173004380812318,"6":-0.0907378115165048,"7":-0.532404215279283},"5":{"0":-0.33233838391330994,"1":0.021511420697375855,"2":0.34244767800551745,"3":0.08480300614487432,"4":-0.17079377379224453,"5":-0.38997515352141776,"6":0.08835681318096986,"7":-0.2645140541150124}}