{"0":{"0":0.7860122104571138,"1":0.4434797725550539,"2":0.14427038085940658,"3":0.49370032205849446,"4":0.18811882982406378,"5":0.6200502781806371,"6":0.7668576401609615,"7":0.49736619626059253},"1":{"0":-0.658675064205927,"1":-0.027360787759707815,"2":-0.2005704827973382,"3":-0.7896240529970563,"4":-0.230847544387908,"5":0.15272076550413444,"6":-0.5516355673709941,"7":-0.5797515737566057},"2":{"0":-0.23773289569595563,"1":-0.6446267639015046,"2":-0.16036685044817792,"3":-0.6730757241525764,"4":-0.4121182068807559,"5":-0.5072432451222942,"6":-0.0495188669708346,"7":-0.4100298953492889},"3":{"0":-0.6461381712003288,"1":-0.053413618466091765,"2":-0.6376680481777108,"3":-0.2716473521123122,"4":0.11413858302071038,"5":0.006959109098031547,"6":-0.25377466915085395,"7":-0.6756197912209265},"4":{"0":-0.20543223556771623,"1":-0.5510144892393471,"2":-0.7497416676289775,"3":-0.28187514866894253,"4":-0.6036435528053162,"5":0.178226756463665,"6":-0.39788999012407517,"7":-0.25118496256915857},"5":{"0":-0.54892789670997,"1":-0.7556096245950211,"2":-0.47775419584679435,"3":-0.6412355879489402,"4":0.1771756968740182,"5":0.10022793271161788,"6":-0.7150498703379302,"7":-0.15648077704209415},"6":{"0":0.9360124965108026,"1":0.48213350021315227,"2":0.6779531945540801,"3":0.9220858903272527,"4":0.5195550318737503,"5":0.8248636350729973,"6":0.3114029066262427,"7":0.7276477695668562},"7":{"0":0.1060040380509765,"1":-0.7218250606736296,"2":-0.20362909342282767,"3":-0.1348193249891353,"4":-0.7342333531222687,"5":0.04114943236753203,"6":-0.37488245943262216,"7":-0.2790243684594138}}